{
    "name": "Flywoo - GOKU F722 PRO Mini V2 40A BLS 20X20 Stack",
    "created_at": "2024-04-18T08:23:17.567Z",
    "published_at": "2024-04-26T08:47:06.000Z",
    "id": 480264495,
    "uuid": "bfc39d7b-4909-4cd5-a922-6a9749c9cf24",
    "content": {
        "_uid": "06e60bff-1a08-4287-9408-b6e0a42516d4",
        "type": "product",
        "bloks": [],
        "title": "Flywoo",
        "ogTitle": "Flywoo",
        "subtitle": "GOKU F722 PRO Mini V2 40A BLS 20X20 Stack",
        "component": "page",
        "description": "Flywoo - GOKU F722 PRO Mini V2 40A BLS 20X20 Stack\nManuals, Technical Specifications and more",
        "ogDescription": "GOKU F722 PRO Mini V2 Stack"
    },
    "slug": "flywoo-goku-f722-pro-mini-v2-40a-bls-20x20-stack",
    "full_slug": "products/flywoo-goku-f722-pro-mini-v2-40a-bls-20x20-stack",
    "sort_by_date": null,
    "position": -50,
    "tag_list": [],
    "is_startpage": false,
    "parent_id": 480264464,
    "meta_data": null,
    "group_id": "25b155f7-41a7-4b67-bde3-665a6f8461d8",
    "first_published_at": "2024-04-18T08:26:34.453Z",
    "release_id": null,
    "lang": "default",
    "path": null,
    "alternates": [],
    "default_full_slug": null,
    "translated_slugs": null
}