{
    "name": "Index",
    "created_at": "2024-04-17T11:31:55.687Z",
    "published_at": "2024-04-26T10:25:56.377Z",
    "id": 479538499,
    "uuid": "62b1e7ef-ea78-4d0a-b013-b56d99490acc",
    "content": {
        "_uid": "841d24ca-72f5-4abb-bc82-95cfbdbbdaba",
        "type": "page",
        "bloks": [],
        "title": "Welcome",
        "content": [],
        "ogTitle": "Welcome",
        "subtitle": "to the FPV Community",
        "component": "page",
        "description": "Welcome to the FPV Community",
        "ogDescription": "to the FPV Community",
        "backButtonHref": {
            "id": "",
            "url": "",
            "linktype": "story",
            "fieldtype": "multilink",
            "cached_url": ""
        },
        "backButtonLabel": "",
        "previewImageAsset": {
            "id": null,
            "alt": null,
            "name": "",
            "focus": null,
            "title": null,
            "source": null,
            "filename": "",
            "copyright": null,
            "fieldtype": "asset",
            "meta_data": {}
        },
        "previewImageObjectFit": "cover"
    },
    "slug": "home",
    "full_slug": "home",
    "sort_by_date": null,
    "position": 0,
    "tag_list": [],
    "is_startpage": false,
    "parent_id": 0,
    "meta_data": null,
    "group_id": "8bdd7d60-8a6c-422d-886b-b3b56ad5e232",
    "first_published_at": "2024-04-17T11:51:47.646Z",
    "release_id": null,
    "lang": "default",
    "path": "/",
    "alternates": [],
    "default_full_slug": null,
    "translated_slugs": null
}