{
    "name": "Index",
    "created_at": "2024-04-17T21:55:46.837Z",
    "published_at": "2024-04-26T08:47:06.000Z",
    "id": 479988634,
    "uuid": "6aa1b856-a51f-4d02-952a-0999593538eb",
    "content": {
        "_uid": "4f6490c2-c0b1-4aa0-b36c-d69d9faeadd4",
        "type": "page",
        "bloks": [
            {
                "_uid": "9eeafc2c-814b-48ea-9808-cd14682288bf",
                "href": {
                    "id": "",
                    "url": "",
                    "linktype": "story",
                    "fieldtype": "multilink",
                    "cached_url": ""
                },
                "title": "",
                "pageType": "product",
                "component": "page-grid",
                "hideTitleIfEmpty": ""
            }
        ],
        "title": "Products",
        "ogTitle": "Products",
        "subtitle": "Show me the specs!",
        "component": "page",
        "description": "A collection of fpv products, with manuals, instructions, technical specifications and more.",
        "ogDescription": "Manuals, Wiring Diagrams, Specs..."
    },
    "slug": "products",
    "full_slug": "products/",
    "sort_by_date": null,
    "position": -60,
    "tag_list": [],
    "is_startpage": true,
    "parent_id": 480264464,
    "meta_data": null,
    "group_id": "3da68f2a-f2f7-42ee-b81a-b5f0e8950af8",
    "first_published_at": "2024-04-17T21:57:31.671Z",
    "release_id": null,
    "lang": "default",
    "path": null,
    "alternates": [],
    "default_full_slug": null,
    "translated_slugs": null
}